,ResponseId,Animal,Artifact,Object,Plant,Biology,Physics,Psychology,INT,MCI,age,sex,race,AC_1,AC_2,AC_3,AC_4,AC,Condition,Version,Order,1_Test blockV1_INT,2_Test blockV1_INT,3_Test blockV1_INT,4_Test blockV1_MCI,5_Test blockV1_MCI,6_Test blockV1_MCI,7_Test blockV1_INT,8_Test blockV1_INT,9_Test blockV1_INT,10_Test blockV1_MCI,11_Test blockV1_MCI,12_Test blockV1_MCI,13_Test blockV1_INT,14_Test blockV1_INT,15_Test blockV1_INT,16_Test blockV1_MCI,17_Test blockV1_MCI,18_Test blockV1_MCI,19_Test blockV1_INT,20_Test blockV1_INT,21_Test blockV1_INT,22_Test blockV1_MCI,23_Test blockV1_MCI,24_Test blockV1_MCI,Breach,Transfer
3,R_0dprrDec2UN5xmx,0.333333333,0.333333333,1,0.333333333,0,0.25,1,0.333333333,0.5,19,2,6,3,2,1,4,1,1,1,2,2,2,4,2,2,1,1,3,2,1,1,1,2,4,3,4,4,1,2,4,3,3,3,3,0.333333333,0.666666667
4,R_12AAH0ZiuwR6l1K,0.333333333,1,1,0.666666667,1,0.5,0.8,0.333333333,0.75,18,1,1,4,3,2,1,1,1,2,3,2,3,2,3,3,4,2,3,4,4,4,4,2,4,3,1,3,1,2,2,3,2,2,3,0.5,1
5,R_12aKgo7mqc8VPqA,0.666666667,0.333333333,0,0.666666667,0.666666667,0.5,0.2,0.25,0.416666667,20,1,6,2,1,4,3,1,1,1,1,3,2,4,1,1,1,1,4,1,2,3,4,2,3,3,2,1,2,1,2,4,1,2,4,0.666666667,0.166666667
8,R_12yWoEluD3eUuob,0.666666667,0.333333333,0.666666667,0,0,0.25,0.8,0.416666667,0.416666667,18,2,5,3,2,1,4,1,1,1,2,2,2,2,2,2,2,1,1,2,4,1,1,4,4,4,1,2,4,3,3,3,3,1,3,0.333333333,0.5
10,R_1CxcS7Hwj1fyJqK,1,0.666666667,1,1,1,0.75,1,0.833333333,0.916666667,20,1,1,1,4,3,2,1,1,2,4,2,2,2,2,2,2,4,3,3,3,3,3,4,4,4,4,4,3,3,1,1,1,1,1,0.833333333,1
11,R_1CyA6ktI6NVehtu,0.666666667,0.666666667,1,0.666666667,0.666666667,0.75,0.8,0.666666667,0.75,20,1,4,3,2,1,4,1,1,1,2,4,4,2,1,4,4,3,4,1,4,4,1,2,2,2,2,2,2,3,3,1,3,3,3,0.666666667,0.833333333
12,R_1d0TwbZm5kJGzbr,0.333333333,0.333333333,0.333333333,0,0,0,0.6,0.416666667,0.25,20,2,1,4,3,2,1,1,1,2,3,4,2,4,4,2,4,4,4,4,3,4,4,3,4,3,4,3,2,1,2,2,1,1,2,0.166666667,0.333333333
14,R_1dcySdVwUqnudlo,0.666666667,1,1,1,0.666666667,1,1,0.916666667,0.916666667,18,1,2,3,2,1,4,1,1,1,2,4,4,4,2,4,4,1,1,1,1,1,1,2,2,4,2,2,2,3,3,3,3,3,3,0.833333333,1
18,R_1FIKcYSb8Oq6uNR,1,0.666666667,0.333333333,0.666666667,0.666666667,0.75,0.6,0.583333333,0.666666667,19,2,5,1,4,3,2,1,1,2,4,4,2,2,2,2,2,3,2,4,3,3,4,2,4,4,3,4,3,3,1,1,1,3,1,0.833333333,0.5
19,R_1fjxqE3kJglTMrc,0.666666667,1,0.666666667,1,1,0.75,0.8,0.583333333,0.833333333,19,1,6,3,2,1,4,1,1,1,2,3,2,2,4,4,4,1,2,1,1,1,1,1,2,2,2,1,2,3,3,3,1,3,3,0.833333333,0.833333333
20,R_1fZ12OIRCtVayqS,0.666666667,1,0.333333333,0.333333333,1,0.25,0.6,0.5,0.583333333,18,1,7,2,1,4,3,1,1,1,1,1,2,4,1,1,2,2,2,4,1,2,2,3,1,3,3,1,3,4,3,1,1,2,4,0.5,0.666666667
21,R_1GHRREUudmqCWNt,0.666666667,0.333333333,0,0.666666667,0.333333333,0.75,0.2,0.666666667,0.416666667,19,2,1,4,3,2,1,1,1,2,3,4,3,3,4,2,4,4,2,2,4,2,2,1,1,1,1,1,1,2,2,4,4,1,2,0.666666667,0.166666667
22,R_1GOWJNnVgqUdDoc,0.333333333,0,0.666666667,1,0.333333333,0.5,0.6,0.583333333,0.5,18,2,1,2,1,4,3,1,1,1,1,2,1,2,3,2,1,2,1,1,2,1,1,3,3,3,3,1,1,4,4,2,4,4,4,0.5,0.5
24,R_1IcMHTuarjncsi7,0.666666667,0.333333333,0.333333333,0.333333333,0.666666667,0.25,0.4,0.666666667,0.416666667,18,1,2,4,3,2,1,1,1,2,3,3,3,3,3,2,4,4,4,3,3,4,4,2,1,3,1,1,4,3,2,2,3,1,1,0.333333333,0.5
25,R_1IRAfKtYDRlvUFL,0.666666667,1,0.666666667,0.666666667,0.666666667,0.75,0.8,0.333333333,0.75,20,1,1,3,2,1,4,1,1,1,2,4,3,4,3,4,2,2,4,2,1,1,1,3,1,3,2,2,2,3,3,2,2,3,3,0.666666667,0.833333333
26,R_1j85TscjxiYoggn,1,0.333333333,0.333333333,1,1,0.75,0.4,0.5,0.666666667,18,2,1,2,1,4,3,1,1,1,1,4,1,1,1,1,1,2,4,1,2,4,4,3,3,3,3,3,1,3,3,2,2,4,4,0.833333333,0.5
27,R_1jGQhMq4vVCn4vX,0.666666667,0.333333333,0.333333333,0.666666667,0.333333333,0.5,0.6,0.333333333,0.5,18,1,2,3,2,1,4,1,1,1,2,1,4,1,3,2,4,4,4,4,3,1,2,4,3,2,2,2,4,3,4,3,3,1,3,0.5,0.5
29,R_1kZTa7g4u6PyIGb,0.666666667,0.333333333,0.333333333,0.666666667,0.333333333,0.5,0.6,0.333333333,0.5,19,2,5,4,3,2,1,1,1,2,3,2,3,3,3,2,3,1,2,2,4,4,2,1,1,4,3,2,2,1,3,3,4,2,2,0.666666667,0.333333333
31,R_1LBUu5bwujC1AQD,0,0.333333333,0.666666667,0.333333333,0,0.25,0.6,0.166666667,0.333333333,19,1,1,2,1,1,3,0.75,1,1,1,1,4,3,4,3,4,1,4,2,2,2,2,2,2,2,2,4,2,1,1,3,4,1,1,0.166666667,0.5
32,R_1LInoVYu4K5nGlW,1,0.666666667,0.333333333,0.333333333,1,0.25,0.6,0.666666667,0.583333333,26,1,1,2,1,4,3,1,1,1,1,1,4,1,1,1,2,2,2,2,3,2,3,3,3,4,3,3,4,2,3,4,3,4,4,0.5,0.666666667
35,R_1LwcFvyNXGU1pdg,1,0.666666667,1,0,0.666666667,0.25,1,0.416666667,0.666666667,21,1,1,4,3,2,1,1,1,2,3,3,2,3,3,3,4,2,4,1,1,4,4,2,3,1,2,1,3,4,2,4,2,2,2,0.5,0.833333333
39,R_1NE4CEAn5dGjdwe,1,1,1,0.666666667,1,0.75,1,0.833333333,0.916666667,18,2,7,3,2,1,4,1,1,1,2,4,2,4,4,4,3,3,1,1,1,1,1,2,2,2,2,2,2,3,3,3,3,3,3,0.833333333,1
41,R_1oATCx5iAWW6mqV,0.666666667,1,0.666666667,1,1,0.75,0.8,0.75,0.833333333,18,1,7,4,3,2,1,1,1,2,3,3,3,3,3,3,3,4,4,4,4,4,4,2,4,1,1,3,1,2,4,2,2,3,2,0.833333333,0.833333333
43,R_1OYTUjQBWWFGene,0.666666667,1,0.666666667,0.333333333,1,0.5,0.6,0.416666667,0.666666667,19,2,2,1,4,3,2,1,1,2,4,4,2,2,2,2,1,1,3,2,1,3,3,4,1,4,4,4,4,3,3,3,3,1,3,0.5,0.833333333
47,R_1r1XbGkZADCf3Ds,0.666666667,0.666666667,1,0.666666667,1,0.25,1,0.666666667,0.75,19,2,6,2,1,4,3,1,1,1,1,1,2,2,1,1,2,4,2,2,2,2,2,3,2,3,3,1,1,4,4,4,4,4,4,0.5,1
48,R_21EAbi6jIQVTj16,0.666666667,0.666666667,1,1,1,0.75,0.8,0.916666667,0.833333333,19,2,7,3,2,1,4,1,1,1,2,4,4,4,4,4,4,1,2,1,1,2,1,2,2,2,2,1,2,3,3,3,3,3,3,0.833333333,0.833333333
50,R_24wJiEZcr9GpW5o,1,1,1,0.666666667,1,0.75,1,0.75,0.916666667,18,2,1,3,2,1,4,1,1,1,2,4,3,4,4,4,4,1,1,1,3,1,1,2,2,2,2,2,2,1,1,3,3,3,3,0.833333333,1
51,R_25EGF9lHUU0AYLS,1,0.333333333,1,0.333333333,0.666666667,0.5,0.8,0.833333333,0.666666667,22,2,1,2,1,4,3,1,1,1,1,1,1,3,1,3,3,2,2,3,1,1,2,3,3,3,3,3,3,4,4,4,4,4,4,0.666666667,0.666666667
52,R_25SC5xvOna1DaSa,0.666666667,0.333333333,0.333333333,0,0.333333333,0.25,0.4,0.416666667,0.333333333,18,1,6,4,3,2,1,1,1,2,3,4,2,4,3,4,4,2,4,4,3,4,2,3,4,3,4,1,3,2,2,2,2,3,3,0.333333333,0.333333333
53,R_25vwKc5F1T1wSvP,1,0.666666667,1,0.666666667,0.666666667,0.75,1,0.666666667,0.833333333,18,2,1,1,4,3,2,1,1,2,4,2,1,2,2,2,2,3,3,3,3,3,3,1,3,4,2,4,2,1,1,2,1,1,1,0.833333333,0.833333333
57,R_27s7CFijuvTzkG9,1,1,0.666666667,0.333333333,1,0.5,0.8,0.666666667,0.75,18,2,5,3,2,1,4,1,1,1,2,4,4,4,4,4,1,1,1,4,3,1,3,3,2,1,2,2,2,1,3,3,3,3,3,0.666666667,0.833333333
60,R_2aacPi1llgLhKls,0.666666667,0.666666667,1,0.666666667,0.666666667,0.75,0.8,0.5,0.75,19,2,2,1,4,3,2,1,1,2,4,2,1,2,2,2,2,3,1,1,3,1,3,1,4,3,3,3,4,1,1,2,1,1,1,0.833333333,0.666666667
65,R_2Cmk8krQ8g9WIrb,0.333333333,0.666666667,1,0.666666667,0.666666667,0.5,0.8,0.75,0.666666667,19,2,1,1,4,3,2,1,1,2,4,2,2,4,2,2,2,3,3,3,3,3,3,4,2,4,1,2,2,4,1,1,1,1,4,0.5,0.833333333
66,R_2CwjK2JPwogGVtW,0.333333333,0,0.666666667,0,0,0.25,0.4,0.25,0.25,20,1,7,2,1,4,3,1,1,1,1,4,1,4,3,3,2,4,3,4,3,4,2,2,3,4,4,3,4,3,2,4,4,2,3,0.166666667,0.333333333
68,R_2dhJwQBscNhf4x3,1,0.666666667,0.666666667,0.333333333,0.666666667,0.75,0.6,0.666666667,0.666666667,18,2,2,4,3,2,1,1,1,2,3,3,3,2,3,3,2,4,4,3,4,3,2,1,1,1,2,1,1,2,1,1,2,2,2,0.833333333,0.5
69,R_2dutzwyQZdaNvxl,1,0.666666667,1,1,1,1,0.8,0.5,0.916666667,20,1,2,2,1,4,3,1,1,1,1,1,1,1,1,1,1,2,4,4,2,4,2,4,4,3,3,3,3,2,4,1,4,4,4,1,0.833333333
71,R_2E6jnN1v5sMCxxJ,0.333333333,0.333333333,0,0.666666667,1,0.25,0,0.333333333,0.333333333,18,2,6,1,4,3,2,1,1,2,4,2,2,3,2,2,2,1,3,1,1,1,1,1,1,1,4,1,3,1,3,3,3,3,3,0.333333333,0.333333333
72,R_2fj4zLW1Jkerv2o,0.333333333,0,0.333333333,0.333333333,0.333333333,0.25,0.2,0.25,0.25,19,1,5,1,4,3,2,1,1,2,4,2,4,3,1,4,3,2,1,1,4,2,3,4,1,2,4,4,1,1,2,2,4,2,3,0.166666667,0.333333333
73,R_2OVey0WwkENdthy,0.666666667,0.666666667,0,0.333333333,1,0.5,0,0.583333333,0.416666667,18,2,4,2,1,4,3,1,1,1,1,1,1,3,1,1,2,2,2,4,4,4,4,2,4,3,3,3,3,4,2,4,2,2,2,0.5,0.333333333
74,R_2pPhc0tr7L9HqVe,0,0,0.333333333,0.333333333,0,0.25,0.2,0.166666667,0.166666667,19,2,2,4,3,2,1,1,1,2,3,2,1,2,2,2,2,4,4,3,4,3,3,4,3,4,4,2,3,3,1,1,2,3,1,0.166666667,0.166666667
75,R_2PtDPs4XLKlXy5d,1,1,0.333333333,0.666666667,1,0.75,0.6,0.5,0.75,19,2,1,1,4,3,2,1,1,2,4,3,3,1,2,2,4,3,1,3,3,3,1,3,3,4,4,4,4,1,1,1,1,3,1,0.833333333,0.666666667
77,R_2QmIq1ETyNEnl59,0.666666667,0.666666667,0.333333333,0.333333333,0.333333333,0.5,0.6,0.75,0.5,19,2,1,3,2,1,4,1,1,1,2,4,4,4,4,1,1,2,1,4,1,1,2,1,2,2,4,4,2,3,3,3,4,3,3,0.666666667,0.333333333
78,R_2QYCO0g3Pnanlzk,0.666666667,0.666666667,1,1,1,0.5,1,0.75,0.833333333,20,1,2,3,2,1,4,1,1,1,2,4,3,4,4,4,4,2,2,1,1,1,1,2,2,2,2,4,4,3,3,3,3,3,3,0.666666667,1
81,R_2Sr9gCZtUOm2K2w,1,1,1,1,1,1,1,1,1,18,2,6,3,2,1,4,1,1,1,2,4,4,4,4,4,4,1,1,1,1,1,1,2,2,2,2,2,2,3,3,3,3,3,3,1,1
83,R_2THtkd2NR9SMBl0,0.666666667,0.333333333,0.666666667,0.666666667,0.666666667,0.5,0.6,0.416666667,0.583333333,18,2,5,3,2,1,4,1,1,1,2,2,2,1,4,1,4,4,2,1,2,1,2,3,2,1,2,2,4,3,3,3,3,3,4,0.5,0.666666667
84,R_2tlheBnnx058zG1,1,0.666666667,1,0.666666667,0.666666667,0.75,1,0.75,0.833333333,19,1,4,3,2,1,4,1,1,1,2,2,3,3,4,4,4,1,1,1,1,1,1,2,2,2,1,2,4,3,3,3,3,3,3,0.833333333,0.833333333
85,R_2tm0R20mdED5UYK,1,1,1,0.666666667,0.666666667,1,1,0.75,0.916666667,19,2,7,1,4,3,2,1,1,2,4,2,2,2,2,2,2,3,2,2,3,3,3,4,4,4,2,4,4,1,3,1,1,1,1,1,0.833333333
87,R_2TvKzXZSg66d4uX,1,0.333333333,0,0.666666667,0.666666667,0.5,0.4,0.5,0.5,18,2,1,3,2,1,4,1,1,1,2,1,4,1,4,3,2,1,4,3,1,1,3,4,2,4,2,2,3,3,3,3,4,1,3,0.666666667,0.333333333
88,R_2uEvHF8MBJurWel,1,1,1,1,1,1,1,0.916666667,1,18,2,2,1,4,3,2,1,1,2,4,2,1,2,2,2,2,3,3,3,3,3,3,4,4,4,4,4,4,1,1,1,1,1,1,1,1
90,R_2v8pZXXrxUtCeBg,0,0.666666667,0.333333333,1,0.333333333,0.75,0.4,0.5,0.5,19,2,4,3,2,1,4,1,1,1,2,3,1,3,3,3,4,1,1,1,1,1,1,2,3,2,2,3,2,4,1,3,4,4,4,0.5,0.5
93,R_2Vx4SJQDCzvl9eC,1,0.666666667,1,1,1,0.75,1,0.916666667,0.916666667,18,2,6,3,2,1,4,1,1,1,2,4,4,4,4,4,4,3,1,1,1,1,1,2,2,2,2,2,4,3,3,3,3,3,3,0.833333333,1
94,R_2wbfyn8wPRzwocL,0.666666667,0.333333333,0.333333333,0.333333333,0.333333333,0.5,0.4,0.5,0.416666667,19,1,1,3,2,1,4,1,1,1,2,4,1,1,1,3,3,4,3,4,3,4,3,2,2,2,2,2,2,3,1,3,4,3,3,0.5,0.333333333
95,R_2X4efknm0QFLa8f,1,0.666666667,1,0.333333333,0.666666667,0.75,0.8,0.583333333,0.75,19,2,5,4,3,2,1,1,1,2,3,3,2,4,3,3,3,4,2,4,3,3,4,2,4,1,4,1,1,2,2,2,2,2,2,0.833333333,0.666666667
98,R_2y7n4gIha9f108Y,0.666666667,1,1,0.666666667,1,0.5,1,0.75,0.833333333,18,2,1,1,4,3,2,1,1,2,4,2,2,1,2,2,1,3,3,2,3,3,3,4,1,4,4,2,4,1,1,1,1,1,1,0.666666667,1
100,R_2ydfhOkdXRBRzHC,1,1,1,0.333333333,1,0.5,1,0.916666667,0.833333333,21,2,4,3,2,1,4,1,1,1,2,4,4,4,4,4,1,1,1,4,2,1,1,2,2,2,2,2,2,3,3,3,3,3,3,0.666666667,1
103,R_2zptH2yqezIWLk6,0.333333333,1,0,0,0.666666667,0.25,0.2,0.25,0.333333333,21,1,7,4,3,2,1,1,1,2,3,3,4,3,3,3,4,1,4,3,1,4,1,4,2,2,2,2,1,1,4,1,4,4,4,0.333333333,0.333333333
105,R_33B9XIwnrvaoTFF,0.666666667,0,0.333333333,0.333333333,0,0.5,0.4,0.416666667,0.333333333,21,2,1,1,4,3,2,1,1,2,4,2,3,4,3,3,2,3,3,1,4,2,4,4,2,2,2,4,2,1,3,3,3,1,1,0.5,0.166666667
106,R_3D0X5fAPCW3uw8d,0.666666667,0.333333333,0.333333333,0.666666667,0,1,0.4,0.75,0.5,21,2,2,1,4,3,2,1,1,2,4,3,2,2,1,1,2,3,3,2,3,2,1,4,4,4,1,4,4,1,1,2,1,4,1,0.833333333,0.166666667
107,R_3dEZx84efZNQ6xt,1,0.666666667,1,0.666666667,1,0.5,1,0.666666667,0.833333333,17,2,6,2,1,4,3,1,1,1,1,2,1,1,1,1,3,2,1,2,2,2,2,2,3,3,3,3,1,4,4,3,4,4,4,0.666666667,1
109,R_3EJNIh4fT3PZxgX,0.333333333,0.333333333,0,0.333333333,0.666666667,0.25,0,0.25,0.25,19,2,2,2,1,4,3,1,1,1,1,3,4,1,1,1,1,1,4,3,3,3,4,2,3,4,2,1,1,3,2,4,2,2,2,0.333333333,0.166666667
113,R_3FWmaC1V7MrDSpW,0.333333333,0.666666667,0.666666667,0,0.666666667,0,0.6,0.416666667,0.416666667,18,2,1,4,3,2,1,1,1,2,3,3,2,2,3,3,4,1,3,4,2,4,2,1,1,1,4,4,3,3,1,1,2,2,3,0.166666667,0.666666667
117,R_3G9Eus7TpfPYJRh,1,0.333333333,0.666666667,0.333333333,0.666666667,0.5,0.6,0.416666667,0.583333333,18,1,3,2,1,4,3,1,1,1,1,2,2,2,1,2,2,2,1,1,1,1,1,1,2,3,3,3,3,4,4,4,4,4,4,0.666666667,0.5
119,R_3GpsgV0KFvZWDc8,1,1,0,0.333333333,0.666666667,0.75,0.4,0.5,0.583333333,18,1,7,1,4,3,2,1,1,2,4,2,3,2,2,2,2,1,3,1,2,3,4,3,4,4,1,4,4,4,3,1,3,3,1,0.833333333,0.333333333
120,R_3gXvEAVgQPOICbg,0.666666667,0,0.333333333,0.333333333,0.333333333,0.25,0.4,0.5,0.333333333,19,1,2,3,2,1,4,1,1,1,2,1,4,3,4,3,4,2,3,1,2,2,1,3,2,2,1,3,1,2,3,3,2,2,3,0.5,0.166666667
121,R_3h5ykk5u8NZkEjy,0.333333333,0.666666667,0,1,0.666666667,1,0,0.833333333,0.5,19,2,2,2,1,4,3,1,1,1,1,4,1,1,4,1,1,2,2,2,2,4,4,3,3,3,3,3,3,4,4,1,1,1,1,0.666666667,0.333333333
122,R_3hDUqRkYce0rVcb,1,1,0.666666667,1,1,1,0.8,0.666666667,0.916666667,20,2,1,4,3,2,1,1,1,2,3,3,3,3,3,3,3,2,4,1,4,4,2,1,2,1,1,1,1,2,2,1,2,2,2,1,0.833333333
123,R_3HH4H8QFgnBK1fB,0.666666667,0.333333333,0.666666667,0.333333333,0.333333333,0.5,0.6,0.583333333,0.5,18,2,5,4,3,2,1,1,1,2,3,3,4,4,4,4,4,4,3,3,3,3,3,1,1,1,1,1,1,4,2,2,2,2,2,0.5,0.5
126,R_3kAt8jZ6SqBza0n,1,1,1,1,1,1,1,0.916666667,1,18,2,1,2,1,4,3,1,1,1,1,1,1,1,1,1,1,2,2,2,2,2,2,3,3,4,3,3,3,4,4,4,4,4,4,1,1
127,R_3kmMkHRYm6Y8ouK,0.333333333,0.666666667,1,0.333333333,1,0.25,0.6,0.5,0.583333333,20,2,5,1,4,3,2,1,1,2,4,4,1,2,2,2,4,3,2,3,1,1,3,4,4,2,4,2,4,4,1,4,1,1,2,0.333333333,0.833333333
129,R_3M4iASlLK91NEPj,1,1,0.666666667,1,1,1,0.8,0.75,0.916666667,18,2,1,4,3,2,1,1,1,2,3,3,1,2,3,3,3,4,2,4,4,4,4,1,1,1,1,1,1,2,2,2,2,1,2,1,0.833333333
130,R_3MEtJyD446YpQLM,1,0.666666667,1,0.666666667,0.666666667,0.75,1,0.916666667,0.833333333,18,2,1,2,1,4,3,1,1,1,1,1,1,1,1,2,4,2,2,2,2,2,2,4,3,3,3,3,3,4,4,4,4,4,4,0.833333333,0.833333333
132,R_3nIe6VfUMFcOWPe,0.333333333,0.333333333,0.333333333,0.666666667,0.333333333,0.25,0.6,0.666666667,0.416666667,19,1,3,4,3,2,1,1,1,2,3,3,3,3,2,2,2,4,4,3,4,4,1,1,1,2,1,3,3,3,2,3,1,2,2,0.333333333,0.5
135,R_3O7mfFUzy8zkNMh,0.333333333,0.333333333,0.333333333,0.666666667,0.333333333,0.75,0.2,0.25,0.416666667,18,2,3,2,1,4,3,1,1,1,1,4,4,3,2,4,4,2,4,4,2,4,2,2,3,3,3,3,3,1,1,1,1,1,1,0.5,0.333333333
139,R_3OrHntgH7L4BpeE,1,1,1,0.666666667,1,0.75,1,0.833333333,0.916666667,18,2,1,1,4,3,2,1,1,2,4,2,2,2,2,2,3,4,3,3,3,3,3,4,3,4,4,4,4,1,1,1,1,1,1,0.833333333,1
143,R_3PNpQwD9E1luHp3,1,1,1,1,1,1,1,0.583333333,1,20,2,5,3,2,1,4,1,1,1,2,4,1,4,4,4,4,1,1,2,1,1,1,2,4,2,2,2,2,4,1,3,3,3,3,1,1
146,R_3sb6irTyNFJKBsF,1,1,1,0.666666667,1,0.75,1,0.75,0.916666667,18,2,1,3,2,1,4,1,1,1,2,4,4,4,4,4,4,1,3,1,3,1,1,2,1,3,2,2,2,3,3,3,3,3,3,0.833333333,1
148,R_3stY1AP4waaNrWZ,0.666666667,0.333333333,0,0.333333333,0.666666667,0.25,0.2,0.5,0.333333333,21,2,2,1,4,3,2,1,1,2,4,3,1,1,2,3,4,3,2,3,1,2,4,1,2,4,4,2,4,1,1,1,2,3,1,0.5,0.166666667
149,R_3svJv4NYBam8iho,0.333333333,0.666666667,0.333333333,0.666666667,1,0.5,0.2,0.25,0.5,20,2,7,4,3,2,1,1,1,2,3,2,1,3,3,3,2,2,3,3,4,3,4,4,1,1,1,3,1,1,4,4,1,4,4,0.5,0.5
150,R_3svs7pkNd0Q9yBl,0.666666667,0,0.333333333,0.666666667,0.666666667,0.5,0.2,0.75,0.416666667,20,2,2,2,1,4,3,1,1,1,1,1,4,1,1,4,4,2,2,3,2,3,2,3,3,3,3,3,4,4,2,4,1,1,1,0.5,0.333333333
151,R_4MIQmAxjn3QsQq5,0,0.333333333,0.666666667,0.666666667,0.333333333,0.25,0.6,0.5,0.416666667,19,2,6,4,3,2,1,1,1,2,3,2,3,3,4,2,3,4,4,2,2,4,3,1,3,2,1,4,3,3,1,2,2,2,3,0.166666667,0.666666667
152,R_4Ocpc8plWQ3maxX,0.666666667,1,1,0.666666667,0.666666667,0.75,1,0.833333333,0.833333333,18,1,7,1,4,3,2,1,1,2,4,2,2,2,2,2,2,3,3,2,3,3,3,4,4,4,3,3,4,1,1,4,1,1,1,0.833333333,0.833333333
153,R_5uNmYwDWWqOLoNX,1,0.666666667,1,1,1,0.75,1,0.666666667,0.916666667,18,1,2,2,1,4,3,1,1,1,1,3,1,3,1,1,1,2,2,2,2,2,2,1,3,3,3,3,1,4,4,3,4,4,4,0.833333333,1
154,R_7aOxTQwz40Li9ON,0.333333333,1,0.666666667,0,0.666666667,0.25,0.6,0.416666667,0.5,18,2,4,1,4,3,2,1,1,2,4,2,1,2,2,2,3,1,4,2,4,3,3,3,1,4,2,3,4,1,1,3,1,2,3,0.333333333,0.666666667
157,R_9Rklg9NF309VEbf,0.333333333,0.666666667,0.333333333,0,0.333333333,0.25,0.4,0.666666667,0.333333333,18,1,1,1,4,3,2,1,1,2,4,1,1,1,2,1,3,3,3,3,1,3,4,4,1,4,1,2,4,1,1,1,2,1,2,0.333333333,0.333333333
159,R_AKVzc8jaiHqFCKJ,1,1,1,1,1,1,1,0.75,1,20,2,1,4,3,2,1,1,1,2,3,3,1,3,3,3,3,4,4,4,4,4,4,1,2,1,1,1,1,2,2,4,2,2,2,1,1
164,R_cGbN8vcIeupEiB3,0,1,0.333333333,0.333333333,0.333333333,0.5,0.4,0.166666667,0.416666667,19,1,2,1,4,3,2,1,1,2,4,2,3,4,3,2,4,2,4,2,3,3,3,4,2,1,1,1,4,2,3,3,3,2,2,0.333333333,0.5
172,R_pblZQ08cLz2XhqF,0.666666667,0.333333333,0.666666667,0.333333333,0.666666667,0.25,0.6,0.25,0.5,24,1,2,3,2,1,4,1,1,1,2,4,3,3,4,4,3,1,2,2,1,2,2,1,2,1,1,1,1,2,2,2,3,3,3,0.5,0.5
173,R_PZdr4ghjQgKzxHr,0.666666667,1,1,0.666666667,0.666666667,0.75,1,0.583333333,0.833333333,19,2,6,2,1,4,3,1,1,1,1,1,1,1,2,1,4,4,3,1,2,2,2,3,3,4,3,3,3,4,4,2,4,4,4,0.666666667,1
178,R_sAumRYH1krEH3cB,1,0.666666667,0.333333333,0.666666667,1,0.75,0.4,0.666666667,0.666666667,19,2,2,4,3,2,1,1,1,2,3,3,1,2,3,3,3,1,4,4,2,2,1,1,2,1,1,1,1,2,2,2,2,1,2,0.833333333,0.5
179,R_SBIC68m2dLV0VmF,0.333333333,0.666666667,0.666666667,0.333333333,0.666666667,0.25,0.6,0.583333333,0.5,19,2,2,2,1,3,3,1,1,1,1,1,4,4,1,1,4,2,4,2,2,2,2,3,3,3,2,2,4,3,3,4,3,4,3,0.333333333,0.666666667
183,R_TdzaXQVIQdL23Jv,1,1,1,0.666666667,1,0.75,1,0.75,0.916666667,19,2,6,1,4,3,2,1,1,2,4,2,3,2,2,2,1,3,3,3,3,3,3,4,4,4,4,4,4,3,1,4,1,1,1,0.833333333,1
184,R_Til7Fl2FMhFy9P3,0.666666667,1,0,1,1,1,0.2,0.666666667,0.666666667,18,1,2,1,4,3,2,1,1,2,4,2,2,1,2,2,2,3,1,3,3,3,1,4,4,4,4,4,4,1,3,2,2,3,3,0.833333333,0.5
186,R_UaOTPvPlSDj9Zmh,0.333333333,0.333333333,0.333333333,0.666666667,0.333333333,0.75,0.2,0.25,0.416666667,22,1,3,2,1,4,3,1,1,1,1,1,4,4,4,4,4,1,2,4,2,1,4,2,2,2,3,3,3,4,1,1,4,2,1,0.5,0.333333333
190,R_vksOb7vb9moviLL,0.666666667,0.666666667,0.666666667,1,0.666666667,1,0.6,0.583333333,0.75,17,1,6,4,3,2,1,1,1,2,3,3,3,2,3,1,3,4,2,4,4,4,4,1,3,4,1,1,1,1,2,2,3,2,3,0.833333333,0.666666667
191,R_w1Oq3DEwi9FyPnz,0.333333333,0.666666667,0.333333333,0,0,0.5,0.4,0.166666667,0.333333333,18,2,1,4,3,2,1,1,1,2,3,4,1,4,4,2,4,2,3,2,3,4,3,3,2,1,2,1,1,2,1,3,3,2,3,0.333333333,0.333333333
192,R_WlN6LAFrv1aRPLr,0.666666667,0.666666667,1,0.333333333,0.666666667,0.25,1,0.583333333,0.666666667,20,1,4,4,3,2,1,1,1,2,3,3,2,3,3,3,3,4,4,3,1,4,4,2,2,1,3,4,3,4,2,2,2,2,2,0.5,0.833333333
193,R_x4y0AoAiJb5rpYd,1,1,0.666666667,1,1,1,0.8,0.833333333,0.916666667,19,2,6,3,2,1,4,1,1,1,2,4,4,4,4,4,4,1,1,1,1,1,2,3,2,2,2,2,2,2,3,3,3,3,3,1,0.833333333
196,R_yQgZSh3fo8upanf,1,1,1,1,1,1,1,0.666666667,1,20,2,6,2,1,4,3,1,1,1,1,1,4,1,1,1,1,4,2,4,2,2,2,4,3,3,3,3,3,4,4,4,4,4,4,1,1
197,R_yxXF2YCz3EkhmBb,1,0.333333333,1,0.666666667,0.333333333,0.75,1,0.583333333,0.75,18,1,1,1,4,3,2,1,1,2,4,2,4,2,2,4,2,3,3,3,3,3,3,3,1,4,2,4,2,1,4,4,1,1,1,0.833333333,0.666666667
199,R_zViAeBtoI8hD9e1,1,0.333333333,1,0.666666667,1,0.5,0.8,0.583333333,0.75,20,1,1,3,2,1,4,1,1,1,2,4,2,4,4,4,4,1,1,1,3,3,1,1,2,2,2,2,4,4,1,4,3,3,3,0.666666667,0.833333333
200,R_zYfCpqyJbADlScp,0.666666667,0.666666667,1,1,1,0.75,0.8,0.5,0.833333333,18,2,1,2,1,4,3,1,1,1,1,1,4,1,1,1,1,3,2,1,2,2,2,4,3,3,3,3,4,4,2,1,4,4,2,0.666666667,1
1,R_0CktArpn6yFoASJ,0.666666667,0.333333333,0.666666667,0.333333333,0.333333333,0.5,0.6,0.583333333,0.5,20,1,2,1,2,3,4,1,2,2,4,2,3,3,3,3,3,2,2,2,2,2,2,4,4,4,4,4,4,1,1,1,1,1,1,0.5,0.5
2,R_0ddOsifq8rCMkHD,0,0.666666667,0.666666667,0.333333333,0.333333333,0.25,0.6,0.666666667,0.416666667,18,1,1,3,4,1,2,1,2,1,2,3,4,4,3,4,4,4,1,1,2,1,2,2,2,2,3,1,1,3,2,1,3,3,2,0.166666667,0.666666667
6,R_12tcZIaRDsRNsA7,0.333333333,0.666666667,0.333333333,0.333333333,0.666666667,0.25,0.4,0.583333333,0.416666667,18,2,7,1,2,3,4,1,2,2,4,2,2,1,2,2,4,3,3,3,3,3,3,1,4,1,1,1,1,4,4,1,4,4,4,0.333333333,0.5
7,R_12yHvxgcC1u62z8,1,1,1,1,1,1,1,0.916666667,1,18,2,1,3,4,1,2,1,2,1,2,4,3,4,4,4,4,1,1,1,1,1,1,2,2,2,2,2,2,3,3,3,3,3,3,1,1
9,R_1BXxq5zcrJOK9OC,1,0.666666667,1,1,1,0.75,1,0.833333333,0.916666667,19,1,2,1,2,3,4,1,2,2,4,2,2,2,2,2,2,3,3,3,3,3,3,1,4,4,4,4,1,2,1,1,1,1,1,0.833333333,1
13,R_1d9W3eDlDX7dlMF,0.666666667,0.666666667,0,0.666666667,1,0.75,0,0.5,0.5,20,2,2,4,1,2,3,1,2,1,1,2,2,2,1,1,4,2,2,2,2,3,1,2,3,4,3,3,3,4,3,4,1,2,3,0.666666667,0.333333333
15,R_1E5mO2cTyXqN4AC,1,0.666666667,0.666666667,0.666666667,1,0.5,0.8,0.416666667,0.75,17,2,7,3,4,1,2,1,2,1,2,4,3,2,4,4,2,1,2,1,1,1,3,1,1,2,2,2,4,4,3,4,3,3,3,0.666666667,0.833333333
16,R_1eWQOaMZ0E3txAT,0.333333333,0.333333333,0.333333333,1,0.666666667,0.5,0.4,0.583333333,0.5,21,2,6,4,1,2,3,1,2,1,1,1,1,2,2,1,1,2,4,2,2,4,4,3,4,4,3,1,1,2,4,4,2,4,4,0.5,0.5
17,R_1Fh1pBasWmvRRHP,0,0.666666667,0.333333333,0,0.333333333,0,0.4,0.416666667,0.25,18,1,6,3,4,3,2,0.75,2,1,2,4,4,4,3,4,2,2,2,1,3,1,3,3,2,1,1,1,3,1,2,4,3,2,2,0,0.5
23,R_1I74jVLLml3CPzp,1,1,1,1,1,1,1,0.666666667,1,20,1,1,4,1,2,3,1,2,1,1,1,1,4,1,1,1,2,2,2,2,2,2,4,3,3,3,3,3,1,4,3,4,4,4,1,1
28,R_1kIDJPzvnzxjPXn,0.333333333,0.666666667,0.333333333,0.333333333,0,0.5,0.6,0.25,0.416666667,19,2,5,2,3,4,1,1,2,2,3,2,3,2,2,2,4,4,3,1,4,4,4,3,2,3,4,3,1,3,3,2,1,1,2,0.5,0.333333333
30,R_1LASFudUKkFTsOt,0.333333333,1,0.333333333,0.666666667,1,0.5,0.4,0.416666667,0.583333333,20,2,4,3,4,1,2,1,2,1,2,4,1,1,4,4,3,1,1,4,1,1,1,2,2,3,2,3,2,1,1,2,1,1,1,0.5,0.666666667
33,R_1lnpId69ae8Oy96,0.666666667,0,1,0.666666667,0,0.75,0.8,0.416666667,0.583333333,18,1,2,2,3,4,1,1,2,2,3,4,1,1,4,4,3,3,4,3,4,3,4,1,1,1,2,1,3,2,1,4,2,2,2,0.666666667,0.5
34,R_1LpWlfuyq1fgKGZ,0,0.333333333,0.333333333,0.333333333,0.333333333,0.25,0.2,0.416666667,0.25,19,2,6,1,2,3,4,1,2,2,4,2,4,3,4,2,1,3,1,3,3,2,2,1,2,2,1,2,2,3,1,1,3,1,2,0.166666667,0.333333333
36,R_1mgiFnWRdyoWAz9,1,0.666666667,0.666666667,1,1,1,0.6,0.583333333,0.833333333,21,1,6,2,3,4,1,1,2,2,3,3,1,4,3,3,3,4,4,3,4,2,2,1,3,1,1,1,1,4,2,2,2,2,2,1,0.666666667
37,R_1mKKNvFqHhrsq6o,1,0.666666667,0.666666667,0.666666667,0.333333333,1,0.8,0.833333333,0.75,18,2,2,2,3,4,1,1,2,2,3,3,3,3,3,1,3,4,4,4,4,4,3,2,1,1,2,1,1,2,2,4,2,2,2,1,0.5
38,R_1N5nc0iGCiJxrKP,0.666666667,0.666666667,0.666666667,0.333333333,0.666666667,0.5,0.6,0.416666667,0.583333333,17,2,5,4,1,2,3,1,2,1,1,1,1,1,1,1,1,3,3,2,3,2,2,2,2,4,2,3,2,4,3,2,4,3,2,0.5,0.666666667
40,R_1NwZKG6pOSDqzkA,0.666666667,1,1,0.333333333,0.666666667,0.75,0.8,0.666666667,0.75,18,2,4,2,3,4,1,1,2,2,3,3,2,4,3,3,3,4,4,1,2,4,4,1,1,2,2,1,1,2,2,2,2,2,4,0.666666667,0.833333333
42,R_1op8FjHmKGPDlrg,1,1,1,0.666666667,0.666666667,1,1,0.916666667,0.916666667,18,1,1,1,2,3,4,1,2,2,4,2,2,2,2,2,2,3,3,3,3,3,3,4,4,4,3,4,4,1,3,1,1,1,1,1,0.833333333
44,R_1Qi6Vn6dlcFw4b3,0.666666667,0.666666667,1,1,1,0.5,1,1,0.833333333,20,2,4,3,4,1,2,1,2,1,2,4,4,4,4,4,4,1,1,1,1,1,1,2,2,2,2,4,4,3,3,3,3,3,3,0.666666667,1
45,R_1QrNpAqHkCCVZu6,0.666666667,1,0.666666667,0.666666667,1,0.5,0.8,0.833333333,0.75,19,1,1,3,4,1,2,1,2,1,2,4,4,4,4,4,2,1,3,3,1,1,2,2,2,2,2,1,2,3,3,3,3,3,3,0.666666667,0.833333333
46,R_1r1SAVoqrrIuv3D,0.666666667,0.333333333,1,0.333333333,0.333333333,0.5,0.8,0.416666667,0.583333333,20,2,2,4,1,2,3,1,2,1,1,4,2,2,2,3,2,1,2,2,1,1,2,2,1,2,3,3,3,4,4,4,4,4,4,0.5,0.666666667
49,R_21nQfi6iFyg7yQS,0,0,0.333333333,0,0,0,0.2,0.166666667,0.083333333,18,1,1,3,4,1,2,1,2,1,2,4,2,1,1,3,2,4,3,2,4,4,4,3,4,2,4,3,4,2,1,1,3,1,1,0,0.166666667
54,R_26mUFO5v4x8UixU,0,0.666666667,0.666666667,0.333333333,0.666666667,0,0.6,0.5,0.416666667,19,1,1,3,4,1,2,1,2,1,2,3,2,2,1,4,1,1,3,1,2,1,1,4,2,2,2,1,3,3,4,3,4,3,4,0,0.833333333
55,R_276XHfNqUS7j9D0,0.666666667,0.666666667,1,1,0.666666667,1,0.8,0.583333333,0.833333333,19,2,1,3,4,1,2,1,2,1,2,4,1,2,3,4,4,1,1,1,1,4,1,3,2,3,2,2,2,3,1,3,3,3,3,0.833333333,0.833333333
56,R_27a5mHF02OyYuSm,0.333333333,0,0.333333333,0,0,0,0.4,0.083333333,0.166666667,18,2,2,1,2,3,4,1,2,2,4,4,3,4,4,4,4,1,1,2,2,2,2,2,3,2,2,1,3,4,2,1,3,1,1,0.166666667,0.166666667
58,R_28M1oELp47DjuwU,0,0,0,0,0,0,0,0.333333333,0,18,1,4,2,1,4,1,1,2,2,3,4,2,2,4,4,4,2,2,4,1,2,1,1,3,3,3,2,3,2,2,1,4,4,1,0,0
59,R_297lbVQoMDMRrhg,0.333333333,0,0,0.666666667,0.333333333,0.5,0,0.583333333,0.25,20,2,1,4,1,2,3,1,2,1,1,2,4,1,1,2,1,2,2,2,2,3,1,3,3,4,1,4,4,3,2,4,3,3,2,0.5,0
61,R_2AEvNCOBBhPHjNK,0,0.666666667,0.666666667,0.333333333,0,0.5,0.6,0.333333333,0.416666667,18,2,4,3,4,1,2,1,2,1,2,1,4,1,3,2,4,3,4,3,3,1,2,2,2,1,1,3,2,2,2,3,3,3,2,0.333333333,0.5
62,R_2aXIBImsXFtTMTq,0.333333333,0,1,0.333333333,0,0.25,0.8,0.25,0.416666667,18,1,1,3,4,1,2,1,2,1,2,2,3,2,2,2,2,1,3,2,1,2,1,4,1,4,4,4,4,3,2,3,3,3,3,0.333333333,0.5
63,R_2bUUet0ZMEyQmL9,1,0.666666667,0.666666667,0.666666667,1,0.5,0.8,0.416666667,0.75,18,2,1,4,1,2,3,1,2,1,1,1,4,4,1,1,4,4,4,1,2,2,2,3,3,3,3,3,1,4,3,2,2,4,4,0.666666667,0.833333333
64,R_2CfzeXRBNtKPWja,0,0.666666667,0.666666667,0.666666667,0.666666667,0.5,0.4,0.5,0.5,20,2,2,4,1,2,3,1,2,1,1,4,1,3,4,1,4,2,2,3,2,3,2,1,3,3,3,1,3,1,4,1,1,4,2,0.333333333,0.666666667
67,R_2D78WIQZEHSvtsk,0.666666667,0.666666667,0.333333333,0.666666667,1,0.75,0.2,0.416666667,0.583333333,19,2,2,2,3,4,1,1,2,2,3,3,3,3,3,3,3,2,3,3,2,2,2,4,1,1,1,1,1,4,4,4,4,2,4,0.666666667,0.5
70,R_2E48YEJVUwsFCNQ,0.666666667,0.666666667,0.333333333,1,0.666666667,1,0.4,0.416666667,0.666666667,20,1,6,3,4,1,2,1,2,1,2,4,4,1,4,2,4,2,1,4,1,1,3,3,2,1,2,2,2,1,1,3,1,3,4,0.833333333,0.5
76,R_2QGvZykgdx3wLA3,0.333333333,0.333333333,0,0.666666667,0.666666667,0.25,0.2,0.416666667,0.333333333,18,1,2,4,1,2,3,1,2,1,1,1,1,3,1,4,3,2,2,2,2,2,4,4,4,4,3,4,4,3,2,3,2,1,3,0.333333333,0.333333333
79,R_2rOXgMt1m4ldFsR,0.333333333,0.333333333,0.333333333,0.333333333,0.333333333,0.25,0.4,0.25,0.333333333,19,2,1,1,2,3,4,1,2,2,4,1,4,3,2,1,4,2,3,4,3,3,3,2,3,4,2,3,2,1,4,2,4,3,2,0.333333333,0.333333333
80,R_2rve84AhSW2Cnip,0.666666667,0.666666667,0.666666667,0.333333333,0.666666667,0.25,0.8,0.416666667,0.583333333,18,1,1,1,2,3,4,1,2,2,4,2,4,2,2,2,4,3,1,1,3,3,3,3,2,4,2,2,2,4,1,2,1,3,1,0.5,0.666666667
82,R_2TGAgEIRo88lfZH,0.666666667,0.333333333,1,0.333333333,0.333333333,0.25,1,0.416666667,0.583333333,20,1,5,2,3,4,1,1,2,2,3,3,2,4,3,2,1,2,4,2,4,4,4,3,2,1,4,3,3,2,2,3,2,2,2,0.5,0.666666667
86,R_2trq2YgGv7uHlV3,0.333333333,0,0.666666667,0.333333333,0.666666667,0,0.4,0.083333333,0.333333333,21,1,6,1,2,3,4,1,2,2,4,4,2,3,2,1,3,1,1,2,1,1,3,3,2,1,4,3,1,3,4,2,1,4,4,0.166666667,0.5
89,R_2uvKJK4mhwvRXsI,1,1,1,1,1,1,1,0.75,1,18,1,1,2,3,4,1,1,2,2,3,3,2,4,3,3,3,4,4,4,4,4,4,1,1,1,1,1,1,2,2,4,2,2,2,1,1
91,R_2VCQ7dY5GInpsWj,0.333333333,0.333333333,0.333333333,0.333333333,0.333333333,0.25,0.4,0.25,0.333333333,19,1,1,3,4,1,2,1,2,1,2,4,3,3,2,4,2,4,1,1,1,4,2,1,1,1,4,1,1,4,2,2,4,3,3,0.333333333,0.333333333
92,R_2VwG4k0VCRBxIXS,0,0,1,1,0.333333333,0.5,0.6,0.416666667,0.5,19,1,1,2,3,4,1,1,2,2,3,3,3,2,4,4,3,3,3,1,4,3,4,1,3,4,1,4,3,2,2,4,2,2,1,0.333333333,0.666666667
96,R_2XgQWqjHe1vzKVq,0.333333333,0.333333333,0,0.666666667,0.333333333,0.5,0.2,0.5,0.333333333,17,2,2,3,4,1,2,1,2,1,2,4,3,4,2,4,4,1,2,1,1,4,3,2,2,3,3,3,3,1,1,2,1,2,3,0.5,0.166666667
97,R_2y2umXZAwhQN1hW,0.333333333,0.666666667,0,0.333333333,0.666666667,0.5,0,0.5,0.333333333,20,2,1,1,2,3,4,1,2,2,4,2,2,4,2,2,3,1,4,3,3,1,2,4,1,3,3,3,4,1,4,1,2,3,3,0.5,0.166666667
99,R_2yddP2GjkiaDZRf,0.666666667,0.333333333,0.333333333,0.666666667,0.333333333,0.75,0.4,0.333333333,0.5,18,2,2,4,1,2,3,1,2,1,1,2,2,2,2,2,1,2,2,2,4,4,1,3,1,4,3,3,3,2,1,1,2,4,4,0.666666667,0.333333333
101,R_2ygsLNoWDYx0DkZ,0.666666667,0.666666667,1,0.666666667,1,0.75,0.6,0.5,0.75,18,2,1,2,3,4,1,1,2,2,3,3,2,3,3,3,4,2,4,1,4,3,4,1,2,4,1,1,1,2,2,3,2,2,4,0.666666667,0.833333333
102,R_2zdqSD6kwGzIJ7v,1,1,1,1,1,1,1,0.666666667,1,18,2,2,4,1,2,3,1,2,1,1,1,1,1,1,1,1,2,2,2,2,2,2,4,3,4,3,3,3,1,4,3,4,4,4,1,1
104,R_31TN4uuj8vV0MoA,0.333333333,0.666666667,0.333333333,0,0.666666667,0.25,0.2,0.416666667,0.333333333,18,2,1,3,4,1,2,1,2,1,2,4,4,3,4,4,2,2,1,4,2,3,3,2,2,1,3,1,2,4,2,2,4,3,1,0.333333333,0.333333333
108,R_3DimouvtvtoVIF3,1,1,1,0.666666667,1,0.75,1,0.75,0.916666667,19,2,1,1,2,3,4,1,2,2,4,2,1,1,2,2,1,3,3,3,3,3,3,1,4,4,4,4,4,1,1,1,1,1,1,0.833333333,1
110,R_3et0QUwiae6tjb5,0.666666667,0.666666667,0.333333333,1,1,0.75,0.4,0.5,0.666666667,22,1,2,2,3,4,1,1,2,2,3,2,2,2,3,3,3,4,4,3,4,4,3,2,2,1,1,1,4,2,2,2,4,2,3,0.666666667,0.666666667
111,R_3fSEuwE9RpYrrq7,1,0.666666667,0.333333333,0.666666667,1,0.75,0.4,0.833333333,0.666666667,19,2,4,4,1,2,3,1,2,1,1,1,1,2,1,1,1,2,2,2,3,3,3,3,3,3,3,3,3,4,4,3,4,2,4,0.833333333,0.5
112,R_3fTzAK1vgIkxydv,0.666666667,0.666666667,0.666666667,0,0.666666667,0.5,0.4,0.416666667,0.5,18,1,1,2,3,4,1,1,2,2,3,3,3,2,3,3,4,3,4,3,3,2,4,4,4,1,4,1,1,4,2,3,2,3,3,0.5,0.5
114,R_3FWmLQYZgl7N5Tt,0.666666667,0.333333333,0.333333333,1,0.666666667,0.75,0.4,0.583333333,0.583333333,18,2,6,2,3,4,1,1,2,2,3,2,1,3,3,2,3,3,4,4,4,4,2,1,1,1,1,1,3,3,2,3,3,2,3,0.666666667,0.5
115,R_3FXWz2t9gJiKLsm,1,0.666666667,1,1,0.666666667,1,1,0.75,0.916666667,20,2,1,2,3,4,1,1,2,2,3,3,2,3,3,2,3,4,4,3,4,4,4,1,1,1,1,1,1,2,2,3,2,2,2,1,0.833333333
116,R_3G0Mo4XWh73eEqy,1,0.666666667,1,1,1,1,0.8,0.75,0.916666667,18,2,1,1,2,3,4,1,2,2,4,2,2,2,2,2,2,2,3,2,3,2,3,4,2,4,4,4,4,1,1,1,1,1,1,1,0.833333333
118,R_3gLrexHGjwNvXxe,0.333333333,0,0,0.333333333,0.333333333,0.25,0,0.166666667,0.166666667,22,1,1,1,2,3,4,1,2,2,4,3,1,2,2,4,1,2,3,1,3,2,2,3,3,1,3,3,2,2,4,3,3,4,2,0.333333333,0
124,R_3iBWEYowxtQIRcI,1,1,0.666666667,0.666666667,1,0.75,0.8,0.333333333,0.833333333,18,1,1,2,3,4,1,1,2,2,3,3,2,1,3,3,4,4,1,1,4,4,4,2,2,2,1,1,1,1,2,2,2,4,2,0.833333333,0.833333333
125,R_3iwpIpplxwRGX5D,0.666666667,0.666666667,0,0.666666667,0.666666667,0.5,0.4,0.416666667,0.5,19,2,1,4,1,2,3,1,2,1,1,1,1,2,1,1,1,3,2,3,2,2,3,2,4,3,4,4,4,3,2,4,3,2,4,0.666666667,0.333333333
128,R_3kpGM1vCiILpIuU,0.333333333,0.333333333,0.666666667,0.666666667,0.333333333,0.75,0.4,0.416666667,0.5,20,2,1,4,1,1,3,0.75,2,1,1,1,3,1,4,1,1,4,4,2,2,1,2,4,4,3,4,3,1,2,4,3,1,4,3,0.5,0.5
131,R_3mlBPRYmJfcmWm6,1,0,0,0.333333333,0.333333333,0.5,0.2,0.416666667,0.333333333,18,1,1,4,1,2,3,1,2,1,1,4,1,1,1,4,4,3,3,1,2,1,3,2,1,3,2,3,1,4,1,4,3,3,4,0.666666667,0
133,R_3nr8IcI889yAHog,1,1,1,1,1,1,1,0.583333333,1,18,2,5,4,1,2,3,1,2,1,1,1,1,1,1,1,1,2,2,3,2,2,2,2,3,1,3,3,3,4,2,3,4,4,4,1,1
134,R_3nx5kz926AS2HhW,1,0.666666667,1,1,1,0.75,1,0.916666667,0.916666667,17,1,5,2,3,4,1,1,2,2,3,3,3,3,3,3,3,4,4,4,4,4,4,1,1,3,1,1,4,2,2,2,2,2,2,0.833333333,1
136,R_3O9sDUE9Z1i7aqK,1,1,0.666666667,1,1,1,0.8,0.833333333,0.916666667,19,2,1,1,2,3,4,1,2,2,4,2,2,2,2,2,2,3,1,3,3,3,3,4,2,4,4,4,4,1,1,1,1,3,1,1,0.833333333
137,R_3OfDBsD2Argrui2,1,0.666666667,0.666666667,0.333333333,0.333333333,0.75,0.8,0.583333333,0.666666667,19,1,1,1,2,3,4,1,2,2,4,4,1,2,2,4,4,3,3,2,3,3,2,1,2,4,2,4,4,1,1,1,1,1,1,0.833333333,0.5
138,R_3OoGmT4sRcKyWMr,0.666666667,0.333333333,0.666666667,0.333333333,0.333333333,0.5,0.6,0.416666667,0.5,20,1,1,3,4,1,2,1,2,1,2,1,4,1,1,1,1,4,3,3,4,3,4,2,2,2,2,2,2,1,4,3,3,3,3,0.5,0.5
140,R_3oSJmjxHozEvJlv,0.666666667,1,1,0.666666667,0.666666667,1,0.8,0.5,0.833333333,18,2,2,2,3,4,1,1,2,2,3,3,3,2,3,3,3,4,4,1,4,4,4,1,2,2,2,1,1,2,4,1,2,2,4,0.833333333,0.833333333
141,R_3oZRe1iCXgyZMPF,1,0.666666667,0.666666667,1,1,0.75,0.8,0.666666667,0.833333333,21,2,2,4,1,2,3,1,2,1,1,1,1,1,1,1,1,2,2,2,2,2,4,2,3,2,3,3,4,4,2,3,4,4,4,0.833333333,0.833333333
142,R_3PaD5FRm9FRBPxg,0.666666667,0.666666667,1,1,1,0.5,1,0.75,0.833333333,18,1,1,3,4,1,2,1,2,1,2,3,4,2,4,4,4,1,1,1,1,1,1,2,2,2,2,4,3,3,4,3,3,3,3,0.666666667,1
144,R_3QPhWyXReSAUPyV,1,0.666666667,0.666666667,0.333333333,0.666666667,0.75,0.6,0.333333333,0.666666667,19,2,4,1,2,3,4,1,2,2,4,2,1,3,2,2,2,1,1,1,4,1,1,1,4,4,3,4,4,4,1,3,1,1,1,0.833333333,0.5
145,R_3rP6PM3o9CyqR32,0.666666667,0.666666667,0.333333333,0.666666667,0.666666667,1,0.2,0.416666667,0.583333333,18,1,1,1,2,3,4,1,2,2,4,2,2,3,2,2,2,2,4,3,3,4,1,4,1,4,1,4,4,3,4,4,3,1,3,0.833333333,0.333333333
147,R_3sbmwjwJVaHM07Y,1,0.333333333,0.666666667,1,1,0.75,0.6,0.5,0.75,21,2,2,3,4,1,2,1,2,1,2,3,3,4,4,4,4,1,1,3,1,2,4,2,2,2,2,2,1,4,2,4,3,3,3,0.833333333,0.666666667
155,R_9nsxUwHkfVqZQC5,0.666666667,1,1,1,1,1,0.8,0.75,0.916666667,19,2,1,4,1,2,3,1,2,1,1,2,1,1,1,1,1,4,2,2,2,2,2,3,3,1,3,3,3,4,4,4,4,4,2,0.833333333,1
156,R_9RG8NjpHO8xh5MB,1,1,0.666666667,1,1,1,0.8,0.833333333,0.916666667,18,2,1,4,1,2,3,1,2,1,1,1,1,1,1,1,1,2,2,4,2,2,4,3,3,3,3,3,3,4,2,4,4,4,4,1,0.833333333
158,R_9uwno24fVFCx45j,0.333333333,0,0,0,0.333333333,0,0,0.25,0.083333333,20,2,2,1,1,3,4,0.75,2,2,4,3,3,3,2,4,1,1,3,4,1,2,1,3,2,1,1,1,2,1,2,1,4,2,4,0.166666667,0
160,R_AnXHACfuYhsuPEB,1,0.666666667,1,0.666666667,0.666666667,0.75,1,0.916666667,0.833333333,18,2,1,2,3,4,1,1,2,2,3,3,2,3,3,2,3,4,4,4,3,4,4,1,1,1,1,1,1,2,2,2,2,2,2,0.833333333,0.833333333
161,R_AvZzfcaxJs8ayPf,1,0.666666667,1,1,1,0.75,1,0.833333333,0.916666667,18,2,1,1,2,3,4,1,2,2,4,2,1,1,2,2,2,3,3,3,3,3,3,4,4,4,4,4,3,1,1,1,1,1,1,0.833333333,1
162,R_bJmaVEjaXiICwMN,1,0.666666667,0.333333333,0.333333333,1,0.25,0.6,0.666666667,0.583333333,18,2,4,3,4,1,2,1,2,1,2,3,4,4,4,4,3,1,3,1,2,1,3,1,2,3,2,2,4,3,3,3,3,1,3,0.5,0.666666667
163,R_CdfLxAW0hNM8K77,0.666666667,1,0.333333333,0.666666667,1,0.75,0.4,0.75,0.666666667,20,2,1,2,3,4,1,1,2,2,3,3,3,2,3,3,3,4,4,4,3,4,4,1,2,1,1,1,1,2,2,3,3,3,3,0.666666667,0.666666667
165,R_DGeQy6wXjX3ETYt,0.666666667,0.333333333,0.666666667,0.666666667,1,0.25,0.6,0.416666667,0.583333333,18,2,5,1,2,3,4,1,2,2,4,2,2,3,2,2,2,4,1,4,1,4,1,3,3,1,4,3,3,1,1,1,1,1,1,0.5,0.666666667
166,R_diqXG4zV9CqJCDf,0.666666667,1,0.666666667,0.666666667,1,0.75,0.6,0.666666667,0.75,18,1,1,4,1,2,3,1,2,1,1,1,1,1,1,1,2,2,2,3,2,2,2,3,3,1,3,3,3,4,3,1,3,4,3,0.666666667,0.833333333
167,R_Dq8D3AxfzZJzqaR,0.666666667,0.666666667,1,0.666666667,0.666666667,0.5,1,0.833333333,0.75,19,2,1,4,1,2,3,1,2,1,1,1,4,1,1,3,3,2,2,2,2,2,2,3,4,3,3,4,3,4,4,4,4,4,4,0.666666667,0.833333333
168,R_DvkUV5EMnAeowLf,0.666666667,1,1,0.666666667,0.666666667,1,0.8,0.583333333,0.833333333,18,2,1,2,3,4,1,1,2,2,3,3,3,3,3,3,3,2,3,4,4,4,4,2,1,1,3,1,1,3,2,4,2,2,4,0.833333333,0.833333333
169,R_eA1b4KHjA26mKfn,0.666666667,0.333333333,1,0.666666667,0.333333333,0.5,1,0.583333333,0.666666667,21,2,1,1,2,3,4,1,2,2,4,3,4,2,2,3,2,3,2,4,3,3,3,4,2,4,3,2,2,1,1,1,1,1,1,0.666666667,0.666666667
170,R_OiDNRH5QIDZTCal,1,0.333333333,1,0.333333333,0.333333333,0.75,0.8,0.833333333,0.666666667,19,2,1,2,3,4,1,1,2,2,3,3,1,3,3,1,3,4,4,4,2,3,4,1,1,1,3,1,1,3,2,2,2,2,2,0.833333333,0.5
171,R_OOwNuQVfmRhDgRj,0.333333333,0.666666667,0.666666667,0.666666667,0.666666667,0.75,0.4,0.416666667,0.583333333,19,2,6,2,3,4,1,1,2,2,3,3,2,1,3,3,3,4,2,4,4,2,4,1,2,2,4,2,1,2,1,1,2,1,1,0.666666667,0.5
174,R_Q6XHlXrjPuRn1Ch,0.666666667,0.666666667,1,0.333333333,0.666666667,0.25,1,0.833333333,0.666666667,19,2,7,2,3,4,1,1,2,2,3,3,3,3,3,3,3,4,4,1,1,4,4,1,3,1,2,3,2,2,2,2,2,2,2,0.5,0.833333333
175,R_r8UzeBRZx2twlnH,0.666666667,1,0,0.333333333,0.666666667,0.5,0.4,0.416666667,0.5,18,2,5,4,1,2,3,1,2,1,1,1,4,2,2,1,2,4,1,2,3,2,3,3,3,2,3,3,3,2,1,4,2,1,4,0.5,0.5
176,R_RC92UgHVWQgHgJj,0,0.333333333,0.333333333,0.333333333,0,0.5,0.2,0.25,0.25,19,2,7,1,1,3,4,0.75,2,2,4,4,2,3,4,3,3,4,1,1,3,4,3,1,4,4,3,2,4,2,2,2,2,2,4,0.333333333,0.166666667
177,R_Rl9DMTuxMJgk8Nz,1,1,0.666666667,0,0.666666667,0.5,0.8,0.583333333,0.666666667,19,2,1,1,2,3,4,1,2,2,4,4,2,2,2,2,1,1,3,3,2,3,4,3,4,3,1,4,4,1,2,1,1,1,1,0.666666667,0.666666667
180,R_SE23eoZvulrwEvv,0.666666667,0.333333333,0.666666667,0,0.666666667,0,0.6,0.583333333,0.416666667,18,2,1,1,2,3,4,1,2,2,4,3,2,2,2,2,1,4,3,3,1,1,3,1,2,4,3,1,3,1,1,3,1,3,1,0.333333333,0.5
181,R_SQ7yPcsTX2nwEq5,0.333333333,0.333333333,0.666666667,0.666666667,0.666666667,0.25,0.6,0.666666667,0.5,18,1,5,3,4,1,2,1,2,1,2,4,4,4,3,4,2,2,1,4,1,4,2,3,2,1,2,1,4,3,3,3,3,3,3,0.333333333,0.666666667
182,R_sSC40Fq9VRN8dSF,0,0.333333333,0.333333333,0,0.333333333,0,0.2,0.333333333,0.166666667,19,2,3,3,1,1,2,0.75,2,1,2,4,2,4,2,4,3,2,3,3,2,2,3,4,3,4,3,1,3,4,3,3,3,2,2,0,0.333333333
185,R_tMQX7EuIchnYxdT,0.333333333,0.333333333,0.666666667,1,0.666666667,0.5,0.6,0.333333333,0.583333333,18,1,4,1,2,3,4,1,2,2,4,4,3,4,1,2,2,3,3,2,3,4,3,3,3,4,4,2,1,1,2,3,1,2,1,0.5,0.666666667
187,R_UiKzmTCVhK8V3r3,1,1,0.666666667,0.333333333,0.666666667,0.75,0.8,0.666666667,0.75,19,1,1,3,4,1,2,1,2,1,2,4,4,4,4,4,4,1,2,4,2,1,1,3,2,2,1,2,2,3,4,3,2,3,3,0.833333333,0.666666667
188,R_uxCucELFOepql4l,0.333333333,0.333333333,1,0,0,0.25,0.8,0.333333333,0.416666667,19,2,1,1,2,3,4,1,2,2,4,3,2,3,3,3,3,3,2,4,4,4,3,3,3,2,2,2,4,1,1,3,1,1,1,0.333333333,0.5
189,R_vcpp1eof5d7NEE9,0.666666667,0.666666667,0.666666667,0.666666667,0.666666667,1,0.4,0.666666667,0.666666667,19,2,5,4,1,2,3,1,2,1,1,1,1,4,1,1,1,2,2,4,2,4,1,3,3,3,4,3,3,4,2,1,4,4,2,0.833333333,0.5
194,R_xlxlU1sA937QNZn,0.666666667,0.333333333,0.666666667,0.333333333,0.666666667,0.25,0.6,0.5,0.5,18,2,7,4,1,2,3,1,2,1,1,1,1,1,1,1,1,3,3,3,3,3,3,2,2,2,2,2,2,4,4,4,4,4,4,0.5,0.5
195,R_xyWME2yaI08q02R,0.666666667,1,1,1,1,1,0.8,0.833333333,0.916666667,20,1,6,3,4,1,2,1,2,1,2,4,4,4,4,4,4,1,1,1,1,1,1,3,2,1,2,2,2,3,3,3,3,3,1,0.833333333,1
198,R_z267CglxJfbeNHj,0.666666667,1,1,1,1,0.75,1,0.833333333,0.916666667,18,2,2,2,3,4,1,1,2,2,3,3,3,3,3,3,3,3,3,4,4,4,4,1,1,1,1,2,1,2,2,2,2,2,2,0.833333333,1